{
    "loss": 40.52829360961914,
    "accuracy": 0.9753300547599792
}