{
    "loss": 1.7635689973831177,
    "accuracy": 0.8578287363052368
}